ID,Organism,Codon_Index,Codon,AA_from_cDNA,AA_from_structure,Residue_Number,Phi,Psi,Omega,Codon_Frequency,Relative_Frequency
Q9GTX8,Taenia solium,5,CTG,L,L,5,-57.14123715454193,135.34859839784224,-179.579166232626,0.01,0.0196078431372549
Q9GTX8,Taenia solium,7,GTC,V,V,7,-122.50265809145417,108.11391700680012,-179.87478260175777,0.03,0.0612244897959183
Q9GTX8,Taenia solium,9,GGC,G,G,9,-119.06017059562625,153.59413128884515,172.06779557851638,0.04,0.0784313725490196
Q9GTX8,Taenia solium,10,AAC,N,N,10,-140.88667032472318,104.1872132737763,174.77658206738937,0.04,0.0416666666666666
Q9GTX8,Taenia solium,15,GGC,G,G,15,135.8433319227972,160.841266980606,172.6868558146342,0.04,0.0784313725490196
Q9GTX8,Taenia solium,18,AGC,S,S,18,-63.56277338936901,-45.384578529134224,-179.20832848742666,0.03,0.0769230769230769
Q9GTX8,Taenia solium,19,CAC,H,H,19,-66.01599969505126,-36.91728280483771,-178.95802939629735,0.06,0.0638297872340425
Q9GTX8,Taenia solium,20,ATC,I,I,20,-62.79476075592218,-43.62696232062746,179.95641388958782,0.05,0.0909090909090909
Q9GTX8,Taenia solium,21,AAC,N,N,21,-60.007021359745984,-51.28317581999016,-179.62492349281706,0.04,0.0416666666666666
Q9GTX8,Taenia solium,26,ACC,T,T,26,-62.68692251694553,-38.94440159056189,175.8521462920395,0.03,0.0483870967741935
Q9GTX8,Taenia solium,27,CTT,L,L,27,-66.28813356677642,-43.44026058943424,-178.5344208180267,0.09,0.1764705882352941
Q9GTX8,Taenia solium,34,CCC,P,P,34,-74.00409948816895,-7.597454772316383,-178.98065069788743,0.02,0.037037037037037
Q9GTX8,Taenia solium,36,GCC,A,A,36,-102.58695791065357,133.7744589095022,173.6106481193459,0.07,0.1
Q9GTX8,Taenia solium,38,ATC,I,I,38,-129.4684438855317,122.3607650999156,-176.65051165805016,0.05,0.0909090909090909
Q9GTX8,Taenia solium,43,CCC,P,P,43,-59.27851222783261,148.3068365055519,175.48815221882734,0.02,0.037037037037037
Q9GTX8,Taenia solium,45,TGC,C,C,45,-65.91910275409421,-10.117903671991233,-179.9159875663305,0.03,0.0309278350515463
Q9GTX8,Taenia solium,46,TAC,Y,Y,46,-112.06726724374714,8.13535180164033,-176.57063356909956,0.1,0.1111111111111111
Q9GTX8,Taenia solium,47,CTG,L,L,47,-57.72032077481339,-55.727201353430594,-169.32795002485747,0.01,0.0196078431372549
Q9GTX8,Taenia solium,55,CCC,P,P,55,-63.29070077129386,153.07292537222986,173.7957870872839,0.02,0.037037037037037
Q9GTX8,Taenia solium,57,GGC,G,G,57,92.48264297120478,-21.95647368888129,-178.1657012899833,0.04,0.0784313725490196
Q9GTX8,Taenia solium,62,GCG,A,A,62,-74.45677322008606,151.64054638671217,163.48294675749904,0.09,0.1285714285714286
Q9GTX8,Taenia solium,66,TAC,Y,Y,66,-97.30923889701218,-176.84038712219422,179.06876836178668,0.1,0.1111111111111111
Q9GTX8,Taenia solium,69,GGC,G,G,69,-76.75321680610409,-28.36319968152558,-169.95302154800018,0.04,0.0784313725490196
Q9GTX8,Taenia solium,73,TTC,F,F,73,-135.60684135815012,71.17744087149084,-176.49957569437476,0.05,0.0525745770375277
Q9GTX8,Taenia solium,77,ATC,I,I,77,-111.96657961583432,136.48060545398533,175.34790666248972,0.05,0.0909090909090909
Q9GTX8,Taenia solium,84,GAC,D,D,84,-58.19537047366757,-32.66735816560736,174.94129591646393,0.01,0.0101010101010101
Q9GTX8,Taenia solium,90,GTC,V,V,90,-146.0101496575238,136.82655724409,172.00485620458775,0.03,0.0612244897959183
Q9GTX8,Taenia solium,92,CTT,L,L,92,-123.50677026579666,141.5279983942922,-177.13521839743785,0.09,0.1764705882352941
Q9GTX8,Taenia solium,94,CAC,H,H,94,-57.17256175293856,145.9651191860932,177.677303601883,0.06,0.0638297872340425
Q9GTX8,Taenia solium,98,CGC,R,R,98,-70.91595214168818,-43.63078566822448,-175.72241697128496,0.0,0.0
Q9GTX8,Taenia solium,99,CAC,H,H,99,-107.09757894955746,-17.2047565354537,-165.7161648470783,0.06,0.0638297872340425
Q9GTX8,Taenia solium,101,TTC,F,F,101,-109.46589586352056,8.199792410026351,-174.3039247026529,0.05,0.0525745770375277
Q9GTX8,Taenia solium,102,GGC,G,G,102,66.72692828041612,27.670340552412515,167.0703925003622,0.04,0.0784313725490196
Q9GTX8,Taenia solium,105,AAC,N,N,105,-54.91194303768983,-41.15088868167442,173.01340614271737,0.04,0.0416666666666666
Q9GTX8,Taenia solium,108,ATC,I,I,108,-68.64108658653298,-35.64639258866939,-179.26530881215186,0.05,0.0909090909090909
Q9GTX8,Taenia solium,116,CTT,L,L,116,-64.4156582328197,-40.29055507181869,179.92609393523065,0.09,0.1764705882352941
Q9GTX8,Taenia solium,118,TCC,S,S,118,-95.63423983649103,1.1497866619510728,171.6626933957237,0.0,0.0
Q9GTX8,Taenia solium,120,CTT,L,L,120,-85.55463277793253,156.86615166611313,177.7560452261541,0.09,0.1764705882352941
Q9GTX8,Taenia solium,122,GTC,V,V,122,-125.12696330332037,145.69147993028187,-176.66923532483634,0.03,0.0612244897959183
Q9GTX8,Taenia solium,125,TGC,C,C,125,-106.04829669489608,140.1538005101571,-173.69629353153616,0.03,0.0309278350515463
Q9GTX8,Taenia solium,127,GGC,G,G,127,151.90838277034416,156.53710976927582,177.98893273013866,0.04,0.0784313725490196
Q9GTX8,Taenia solium,129,CTG,L,L,129,-71.00735974491273,157.72755798404796,171.10609916950517,0.01,0.0196078431372549
Q9GTX8,Taenia solium,130,CTC,L,L,130,-52.39617951954892,-46.61839119783978,171.05664840541212,0.0,0.0
Q9GTX8,Taenia solium,131,TCG,S,S,131,-60.23267835250154,-33.887006638557466,179.43872984331372,0.07,0.1794871794871795
Q9GTX8,Taenia solium,138,ACC,T,T,138,-56.29822766617546,-51.27906280551964,-175.4209847841984,0.03,0.0483870967741935
Q9GTX8,Taenia solium,139,AAC,N,N,139,-67.44473540125334,-40.37974412833493,-178.71340926323927,0.04,0.0416666666666666
Q9GTX8,Taenia solium,140,GAC,D,D,140,-56.68084893195287,-46.67645365439528,-178.92850435177166,0.01,0.0101010101010101
Q9GTX8,Taenia solium,142,TGC,C,C,142,-62.58182746065238,-34.75725183286516,178.77801995135573,0.03,0.0309278350515463
Q9GTX8,Taenia solium,143,TTC,F,F,143,-68.7816695853174,-43.27822407265829,179.9845192857696,0.05,0.0525745770375277
Q9GTX8,Taenia solium,148,GCC,A,A,148,-63.55886999594575,-38.90433807123146,179.17284395658316,0.07,0.1
Q9GTX8,Taenia solium,150,GCC,A,A,150,-67.92072797250937,-40.60569716072515,-170.675019888731,0.07,0.1
Q9GTX8,Taenia solium,152,AAC,N,N,152,-111.9988640804615,5.583563817905603,-177.86484818595375,0.04,0.0416666666666666
Q9GTX8,Taenia solium,158,GCC,A,A,158,-62.62226041316672,-30.644417335659007,-176.29375563837502,0.07,0.1
Q9GTX8,Taenia solium,160,GAC,D,D,160,-63.6573709375041,-15.110093313850465,172.06693576365694,0.01,0.0101010101010101
Q9GTX8,Taenia solium,163,GTC,V,V,163,-131.73482542914692,110.1503557670286,172.82658952780767,0.03,0.0612244897959183
Q9GTX8,Taenia solium,168,CCC,P,P,168,-58.57113688760771,127.48121224477998,171.59408724638695,0.02,0.037037037037037
Q9GTX8,Taenia solium,171,GCC,A,A,171,-95.94458503302825,-8.72676373342408,175.7155417732419,0.07,0.1
Q9GTX8,Taenia solium,172,ATC,I,I,172,-81.99680173418696,114.026853214075,-172.97216351310752,0.05,0.0909090909090909
Q9GTX8,Taenia solium,174,ACC,T,T,174,-97.92498280692584,-15.06802458641877,-172.02516439894083,0.03,0.0483870967741935
Q9GTX8,Taenia solium,175,GGC,G,G,175,78.76062232484632,-10.88201719567904,-166.7591641230526,0.04,0.0784313725490196
Q9GTX8,Taenia solium,177,ACC,T,T,177,-55.45121898587897,138.40464187704495,175.2110654417545,0.03,0.0483870967741935
Q9GTX8,Taenia solium,178,GCG,A,A,178,-58.45950113221897,138.71201325236996,164.84379854708175,0.09,0.1285714285714286
Q9GTX8,Taenia solium,180,CCG,P,P,180,-51.54314121576419,-39.70174489240493,171.7136955856227,0.1,0.1851851851851851
Q9GTX8,Taenia solium,187,CAC,H,H,187,-59.660459050206654,-41.82356777635175,178.47360879599347,0.06,0.0638297872340425
Q9GTX8,Taenia solium,191,CGC,R,R,191,-61.87048833095297,-41.07150228960072,179.09881861627963,0.0,0.0
Q9GTX8,Taenia solium,192,GAC,D,D,192,-60.84614707538292,-39.902586713726414,175.8099448219845,0.01,0.0101010101010101
Q9GTX8,Taenia solium,194,ATC,I,I,194,-64.24049966917723,-36.4147733628635,179.17270478342914,0.05,0.0909090909090909
Q9GTX8,Taenia solium,195,CGC,R,R,195,-60.85279768688755,-45.12417399918076,176.55603801166737,0.0,0.0
Q9GTX8,Taenia solium,199,GAC,D,D,199,-174.76832939083795,141.58266204411353,-168.79644273407433,0.01,0.0101010101010101
Q9GTX8,Taenia solium,200,GCC,A,A,200,-74.81195945086978,-39.53740050496474,-178.87192166806483,0.07,0.1
Q9GTX8,Taenia solium,203,GCC,A,A,203,-55.63315421609372,-39.19527189452228,177.2002284134651,0.07,0.1
Q9GTX8,Taenia solium,204,GAC,D,D,204,-68.0383397071689,-27.327584387114896,179.60365079977487,0.01,0.0101010101010101
Q9GTX8,Taenia solium,209,CTC,L,L,209,-89.60052027905085,147.31879874687814,-177.69101790916207,0.0,0.0
Q9GTX8,Taenia solium,210,TAC,Y,Y,210,-98.58953780522197,139.2600471044147,165.0841600286972,0.1,0.1111111111111111
Q9GTX8,Taenia solium,212,GGC,G,G,212,129.23716272620572,90.48200974467606,177.21877095971433,0.04,0.0784313725490196
Q9GTX8,Taenia solium,217,TCC,S,S,217,-87.32601068945183,-26.19958360683848,-175.8589445084526,0.0,0.0
Q9GTX8,Taenia solium,218,AAC,N,N,218,-98.67068301654278,-3.9638616404171705,-178.28286468142596,0.04,0.0416666666666666
Q9GTX8,Taenia solium,219,GCC,A,A,219,-69.50338574402878,-39.62153079724503,-171.90367349448877,0.07,0.1
Q9GTX8,Taenia solium,221,GAC,D,D,221,-70.4898255555009,-32.62649702485277,-173.87463769098952,0.01,0.0101010101010101
Q9GTX8,Taenia solium,227,GAC,D,D,227,-101.49930929385128,5.836362035363414,178.59567742186087,0.01,0.0101010101010101
Q9GTX8,Taenia solium,231,TTC,F,F,231,-135.7652999879892,149.72707160256877,-164.93346722996543,0.05,0.0525745770375277
Q9GTX8,Taenia solium,232,CTT,L,L,232,-119.25861280410592,113.25868561566584,164.09421292515802,0.09,0.1764705882352941
Q9GTX8,Taenia solium,235,GGC,G,G,235,-47.41108445110339,-43.07109512456999,-178.51360551104312,0.04,0.0784313725490196
Q9GTX8,Taenia solium,236,GCC,A,A,236,-77.16393538001314,-11.416949637704407,-173.436550367633,0.07,0.1
Q9GTX8,Taenia solium,237,TCC,S,S,237,-79.21194657779782,-3.5855370329025966,176.6111483792778,0.0,0.0
Q9GTX8,Taenia solium,240,CCC,P,P,240,-57.7016909522977,-19.884175402764924,172.68151224542808,0.02,0.037037037037037
Q9GTX8,Taenia solium,241,GAC,D,D,241,-50.83098143962799,-29.940474242710653,174.27232666022718,0.01,0.0101010101010101
Q9GTX8,Taenia solium,242,TTC,F,F,242,-54.37355506239729,-31.32567682415213,179.09736213368956,0.05,0.0525745770375277
Q9GTX8,Taenia solium,244,ACC,T,T,244,-61.808160229312605,-41.472633112842885,178.35412256243413,0.03,0.0483870967741935
Q9GTX8,Taenia solium,247,AAC,N,N,247,-93.47882207555178,17.976100194683053,-175.68318098244404,0.04,0.0416666666666666
